{"cameraMode":{"drawMode":0,"name":"Shaded","section":"Shading Mode"},"sceneLighting":true,"audioPlay":false,"sceneViewState":{"showFog":true,"showMaterialUpdate":false,"showSkybox":true,"showFlares":true,"showImageEffects":true,"showParticleSystems":true},"in2DMode":false,"pivot":{"x":11.556052207946778,"y":4.138998508453369,"z":9.870946884155274},"rotation":{"x":-0.09317424148321152,"y":-0.0008978986297734082,"z":0.00008412775059696287,"w":-0.9956494569778442},"size":27.640583038330079,"orthographic":false}