{"cameraMode":{"drawMode":0,"name":"Shaded","section":"Shading Mode"},"sceneLighting":false,"audioPlay":false,"sceneViewState":{"showFog":true,"showMaterialUpdate":false,"showSkybox":false,"showFlares":true,"showImageEffects":true,"showParticleSystems":true},"in2DMode":false,"pivot":{"x":10.067428588867188,"y":0.5689997673034668,"z":-0.20599603652954102},"rotation":{"x":-0.15492546558380128,"y":0.09674698114395142,"z":-0.015246749855577946,"w":-0.9830593466758728},"size":8.822498321533204,"orthographic":false}