{"cameraMode":{"drawMode":0,"name":"Shaded","section":"Shading Mode"},"sceneLighting":true,"audioPlay":false,"sceneViewState":{"showFog":true,"showMaterialUpdate":false,"showSkybox":true,"showFlares":true,"showImageEffects":true,"showParticleSystems":true},"in2DMode":false,"pivot":{"x":-1.2135334014892579,"y":1.200779914855957,"z":-6.375077247619629},"rotation":{"x":-0.20748914778232575,"y":0.5515965223312378,"z":-0.14396965503692628,"w":-0.794960618019104},"size":28.219257354736329,"orthographic":false}