{"cameraMode":{"drawMode":0,"name":"Shaded","section":"Shading Mode"},"sceneLighting":false,"audioPlay":false,"sceneViewState":{"showFog":true,"showMaterialUpdate":false,"showSkybox":false,"showFlares":true,"showImageEffects":true,"showParticleSystems":true},"in2DMode":false,"pivot":{"x":-5.161205291748047,"y":11.125198364257813,"z":5.571328163146973},"rotation":{"x":0.10125669836997986,"y":0.10484971851110459,"z":-0.010731479153037072,"w":0.9892615675926209},"size":15.449225425720215,"orthographic":false}